{"cameraMode":{"drawMode":0,"name":"Shaded","section":"Shading Mode"},"sceneLighting":false,"audioPlay":false,"sceneViewState":{"m_AlwaysRefresh":false,"showFog":true,"showSkybox":false,"showFlares":true,"showImageEffects":true,"showParticleSystems":true,"showVisualEffectGraphs":true,"m_FxEnabled":true},"in2DMode":false,"pivot":{"x":-25.113910675048829,"y":11.373472213745118,"z":21.603914260864259},"rotation":{"x":-0.5335335731506348,"y":0.009385540150105954,"z":-0.005920430179685354,"w":-0.8457081317901611},"size":1.0140713453292847,"orthographic":false}